{"test/mean_power_mse":30415.55859375,"test/cpu_mae":182.67825317382812,"mse_per_output":[30415.55859375,35033.16015625,59595.55859375],"test/cpu_r2":0.186806321144104,"r2_per_output":[0.20328885316848755,0.09716683626174927,0.186806321144104],"test/min_power_mae":133.18502807617188,"test/rmse_mean":201.89801925177423,"test/r2_mean":0.16242067019144693,"rmse":204.15958639934104,"test/node_mae":129.4844970703125,"val_r2_min_power":0.09923094511032104,"test/node_mse":30415.55859375,"test/mean_power_rmse":174.40056936188597,"rmse_per_output":[174.40056936188597,187.17147260266452,244.12201579077214],"test/max_power_r2":0.186806321144104,"test/min_power_mse":35033.16015625,"test/cpu_mse":59595.55859375,"_wandb":{"runtime":404},"val_mae_max_power":180.74374389648438,"val_rmse_mean_power":171.48476153145504,"test/mem_mse":35033.16015625,"mse":41681.13671875,"test/mean_power_mae":129.4844970703125,"mae":148.4495391845703,"_step":151,"lr":5.178349731562952e-07,"test/max_power_mae":182.67825317382812,"_runtime":404,"val_mae_mean_power":127.61810302734375,"epoch":149,"test/node_r2":0.20328885316848755,"_timestamp":1.7660833407725484e+09,"train_loss":55368.27021484375,"val_rmse":200.80714827822328,"test/mem_r2":0.09716683626174927,"test/mean_power_r2":0.20328885316848755,"test/mem_mae":133.18502807617188,"test/cpu_rmse":244.12201579077214,"test/min_power_r2":0.09716683626174927,"test/mem_rmse":187.17147260266452,"test/node_rmse":174.40056936188597,"val_r2_mean_power":0.2053617238998413,"test/mae_mean":148.44925944010416,"test/min_power_rmse":187.17147260266452,"val_mae_min_power":130.65943908691406,"val_rmse_min_power":183.2238214588922,"r2":0.1624116152524948,"mae_per_output":[129.4844970703125,133.18502807617188,182.67825317382812],"test/max_power_mse":59595.55859375,"val_r2_max_power":0.1884453296661377,"test/max_power_rmse":244.12201579077214,"val_loss":40323.51079963235,"train_rmse":235.30463279511466,"val_rmse_max_power":240.80284012548523}