{"val_r2_mean_power":0.21091234683990479,"val_rmse":192.79898179325198,"best_val_rmse":192.79898179325198,"val_r2_max_power":0.25166356563568115,"best_val_loss":37171.447380514706,"train_loss":33876.83556782334,"lr":1.449072752430877e-07,"train_rmse":184.05660968251954,"_wandb":{"runtime":572},"val_rmse_min_power":169.87701203738544,"_runtime":572,"val_loss":37171.447380514706,"val_rmse_max_power":231.23371564285344,"val_mae_mean_power":126.81906127929688,"val_r2_min_power":0.22568297386169434,"val_mae_min_power":120.33590698242188,"val_mae_max_power":172.4558868408203,"epoch":149,"_step":149,"_timestamp":1.767746060679847e+09,"best_epoch":149,"val_rmse_mean_power":170.88479534835741}