{"best_val_loss":32811.68658088235,"val_rmse_min_power":158.42435842934634,"val_r2_max_power":0.33901679515838623,"_timestamp":1.7677393500315769e+09,"val_loss":32818.20088465074,"val_rmse_mean_power":161.50285407694813,"_wandb":{"runtime":208},"val_r2_mean_power":0.2951790690422058,"val_rmse_max_power":217.31911479722623,"val_mae_mean_power":117.24668884277344,"train_loss":32351.207513350473,"best_epoch":123,"val_rmse":181.15794458055308,"best_val_rmse":181.13996406337932,"val_mae_min_power":110.9828872680664,"lr":1.0580919912521604e-06,"val_mae_max_power":158.55076599121094,"train_rmse":179.86441424959656,"_step":149,"val_r2_min_power":0.3265684247016907,"epoch":149,"_runtime":208}