{"test/node_r2":0.22145706415176392,"rmse_per_output":[172.40058276438626,185.14176367381293,241.46064314397077],"test/cpu_mae":181.27345275878906,"test/mem_mse":34277.47265625,"test/mae_mean":146.49368286132812,"test/r2_mean":0.18084625403086343,"test/mean_power_mae":126.49453735351562,"test/mean_power_r2":0.22145706415176392,"mae":146.49386596679688,"val_r2_max_power":0.20564472675323486,"rmse":201.90911089522433,"test/node_mse":29721.9609375,"val_loss":39443.773897058825,"test/cpu_r2":0.20444023609161377,"val_rmse":198.60456665711095,"mae_per_output":[126.49453735351562,131.7130584716797,181.27345275878906],"train_loss":54227.07680664062,"mse":40767.2890625,"test/min_power_rmse":185.14176367381293,"val_mae_mean_power":124.62915802001953,"test/min_power_mse":34277.47265625,"test/mem_r2":0.11664146184921265,"test/max_power_rmse":241.46064314397077,"test/mean_power_rmse":172.40058276438626,"test/cpu_rmse":241.46064314397077,"test/cpu_mse":58303.2421875,"epoch":149,"r2":0.18083782494068146,"_wandb":{"runtime":0},"val_rmse_max_power":238.23748983419884,"test/mem_rmse":185.14176367381293,"test/mem_mae":131.7130584716797,"_step":151,"test/rmse_mean":199.66766319405664,"val_mae_min_power":129.28726196289062,"mse_per_output":[29721.9609375,34277.47265625,58303.2421875],"lr":4.142679785250362e-06,"val_r2_mean_power":0.22418498992919922,"test/node_mae":126.49453735351562,"test/max_power_r2":0.20444023609161377,"train_rmse":232.86707969706802,"_timestamp":1.7660775482911754e+09,"val_r2_min_power":0.11835962533950806,"test/mean_power_mse":29721.9609375,"val_mae_max_power":179.19454956054688,"val_rmse_min_power":181.26791937281678,"test/min_power_r2":0.11664146184921265,"test/min_power_mae":131.7130584716797,"test/node_rmse":172.40058276438626,"val_rmse_mean_power":169.44154020450534,"_runtime":0,"test/max_power_mse":58303.2421875,"test/max_power_mae":181.27345275878906,"r2_per_output":[0.22145706415176392,0.11664146184921265,0.20444023609161377]}