{"val_r2_min_power":-11.050405502319336,"_timestamp":1.7677426190901847e+09,"_runtime":310,"val_rmse_mean_power":751.1846893407773,"val_mae_mean_power":726.1337890625,"val_rmse_max_power":855.429424324415,"val_mae_min_power":641.747314453125,"_step":149,"epoch":149,"val_rmse_min_power":670.1562084693389,"best_epoch":99,"lr":1.1298317810272404e-08,"best_val_rmse":762.6966561734981,"val_mae_max_power":812.5944213867188,"val_r2_mean_power":-14.247963905334473,"best_val_loss":581706.1893382353,"val_loss":581726.7132352941,"val_rmse":762.7101108778446,"train_rmse":764.0624798323364,"val_r2_max_power":-9.241485595703125,"_wandb":{"runtime":310},"train_loss":583791.4730875394}