{"train_loss":584558.50546875,"val_r2_mean_power":-14.255105972290039,"lr":1.0247154530054862e-08,"_runtime":148,"val_loss":582034.0477941176,"_step":149,"val_rmse_min_power":670.2722627783429,"val_mae_mean_power":726.3181762695312,"val_mae_min_power":641.8701782226562,"best_val_loss":582021.0036764706,"best_epoch":100,"val_rmse_mean_power":751.3605991799144,"best_val_rmse":762.9030106615588,"val_rmse_max_power":855.658956594273,"val_mae_max_power":812.8360595703125,"val_r2_max_power":-9.24698257446289,"epoch":149,"val_rmse":762.9115596149514,"train_rmse":764.5642585608812,"_timestamp":1.767741902197316e+09,"val_r2_min_power":-11.054579734802246,"_wandb":{"runtime":148}}