{"val_rmse_mean_power":160.9590094849462,"best_val_rmse":181.25291738270766,"best_epoch":136,"_timestamp":1.7676366053153303e+09,"val_rmse_max_power":216.63178905980072,"train_loss":33421.748961629746,"lr":3.7966711341156375e-06,"_step":149,"_runtime":124,"val_r2_mean_power":0.29991787672042847,"epoch":149,"best_val_loss":32852.62005974265,"val_r2_max_power":0.3431912064552307,"val_rmse":181.31037755768503,"val_mae_max_power":159.91714477539062,"val_loss":32873.453010110294,"_wandb":{"runtime":124},"val_r2_min_power":0.30924397706985474,"val_rmse_min_power":160.44919854115818,"val_mae_min_power":112.25682067871094,"train_rmse":182.81616165325687,"val_mae_mean_power":117.52725219726562}