{"train_rmse":184.28935610192178,"best_epoch":126,"val_mae_min_power":112.18106842041016,"val_mae_mean_power":119.07543182373047,"val_mae_max_power":160.90359497070312,"_timestamp":1.7677405680349545e+09,"epoch":149,"val_rmse":183.24812068944456,"train_loss":33962.56677246094,"lr":8.771331162162322e-06,"val_rmse_min_power":161.89381526752342,"best_val_loss":32891.501493566175,"val_r2_min_power":0.29674941301345825,"val_r2_max_power":0.3289754390716553,"_step":149,"_wandb":{"runtime":140},"_runtime":140,"val_loss":33579.87373621324,"best_val_rmse":181.3601430677815,"val_rmse_max_power":218.96360107047474,"val_r2_mean_power":0.2817941904067993,"val_rmse_mean_power":163.02914448995003}