{"val_mae_mean_power":1572.1907958984375,"_runtime":436,"val_rmse_min_power":291.2146571903619,"_step":149,"val_rmse_max_power":1349.4214501037102,"train_loss":2.8287963173076925e+06,"val_loss":1.1404774544117646e+07,"val_r2_mean_power":0.6897284388542175,"best_val_loss":8.499506147058824e+06,"val_mae_min_power":84.21385955810547,"epoch":149,"best_val_rmse":2915.391251111731,"val_mae_max_power":301.03643798828125,"train_rmse":1681.9025885311232,"val_rmse":3377.0955781732987,"val_r2_min_power":0.7231740355491638,"best_epoch":133,"_timestamp":1.7660718783445454e+09,"_wandb":{"runtime":436},"val_r2_max_power":0.5280343890190125,"val_rmse_mean_power":5727.699189028697,"lr":2.3729194588222734e-07}