{"best_epoch":130,"_timestamp":1.765883808446012e+09,"_wandb":{"runtime":705},"val_loss":8.484722591911765e+06,"val_rmse_min_power":232.8550045092439,"best_val_loss":6.016034556985294e+06,"_step":149,"val_rmse":2912.8547152083925,"epoch":149,"val_mae_min_power":51.4620361328125,"train_loss":5.085470658653846e+06,"_runtime":705,"lr":3.067405699917674e-07,"val_rmse_mean_power":4926.96965689865,"train_rmse":2255.0988135010507,"val_rmse_max_power":1234.5626249810093,"val_r2_mean_power":0.7704161405563354,"val_r2_min_power":0.8230088949203491,"val_mae_max_power":222.79393005371094,"val_mae_mean_power":981.4262084960938,"val_r2_max_power":0.6049597263336182,"best_val_rmse":2452.76059919946}