{"val_rmse":371.6435278122113,"_timestamp":1.7660748015496492e+09,"epoch":4,"val_rmse_mean_power":349.8294450514422,"val_rmse_min_power":330.2890897569885,"val_rmse_max_power":427.65731754525143,"val_mae_min_power":264.90771484375,"val_mae_max_power":327.1007995605469,"_runtime":48,"val_loss":138118.91176470587,"train_rmse":551.3014111585526,"val_r2_min_power":-1.927103042602539,"val_r2_max_power":-1.5596842765808105,"val_r2_mean_power":-2.306976795196533,"_step":4,"train_loss":303933.2459454114,"_wandb":{"runtime":48},"lr":0.0001,"val_mae_mean_power":278.2079162597656}