{"val_loss":34335.160041360294,"val_mae_min_power":114.73331451416016,"val_rmse":185.29749065046803,"train_loss":42369.33427734375,"val_r2_mean_power":0.2682715058326721,"val_rmse_min_power":164.29752213971457,"_runtime":116,"_step":149,"val_mae_max_power":161.64810180664062,"_wandb":{"runtime":116},"val_r2_min_power":0.2757114768028259,"train_rmse":205.83812639388202,"val_mae_mean_power":119.7597885131836,"best_val_loss":34056.14786305147,"val_rmse_max_power":221.19471413779308,"lr":4.664260121763482e-06,"best_epoch":136,"val_r2_max_power":0.3152310252189636,"val_rmse_mean_power":164.55677923972019,"_timestamp":1.7677429822414544e+09,"epoch":149,"best_val_rmse":184.54307861052786}