{"val_mae_max_power":158.72164916992188,"val_r2_min_power":0.3309439420700073,"lr":1.518668453646255e-05,"_timestamp":1.767635524772222e+09,"train_rmse":180.8398599851651,"val_rmse":179.98172586465714,"val_loss":32393.421645220587,"best_val_loss":32393.421645220587,"val_mae_min_power":111.5294189453125,"_wandb":{"runtime":168},"_step":149,"train_loss":32703.054959454115,"best_val_rmse":179.98172586465714,"val_rmse_min_power":157.9088443533167,"val_rmse_max_power":215.8103008141641,"epoch":149,"val_r2_max_power":0.3481631278991699,"val_mae_mean_power":116.68562316894531,"_runtime":168,"val_r2_mean_power":0.307651162147522,"best_epoch":149,"val_rmse_mean_power":160.06754555694604}