{"val_mae_min_power":109.62451171875,"val_mae_mean_power":115.7244873046875,"best_val_rmse":179.51891036152628,"_wandb":{"runtime":175},"best_epoch":143,"best_val_loss":32227.039177389706,"val_rmse":179.78127891713552,"val_rmse_mean_power":159.96184237381425,"val_rmse_min_power":158.26682128213102,"lr":4.183685827102046e-05,"val_rmse_max_power":215.22760481638966,"val_loss":32321.30824908088,"val_mae_max_power":157.07261657714844,"val_r2_mean_power":0.30856525897979736,"_timestamp":1.7677397242983224e+09,"train_rmse":181.34723900227982,"val_r2_min_power":0.3279070258140564,"epoch":149,"_runtime":175,"train_loss":32886.82109375,"_step":149,"val_r2_max_power":0.35167837142944336}