{"val_rmse_mean_power":162.50501795136972,"best_val_rmse":182.71132750658552,"best_val_loss":33383.42919921875,"_wandb":{"runtime":470},"train_loss":32628.04312278194,"val_rmse_max_power":218.85619743623894,"val_r2_min_power":0.30315202474594116,"_timestamp":1.7677449968494961e+09,"train_rmse":180.63234240517932,"best_epoch":127,"epoch":149,"_step":149,"val_mae_min_power":113.17178344726562,"val_rmse":182.8027492371941,"val_mae_mean_power":117.65866088867188,"lr":1.7758804508939391e-06,"val_rmse_min_power":161.15516833552067,"_runtime":470,"val_r2_max_power":0.32963353395462036,"val_r2_mean_power":0.28640472888946533,"val_mae_max_power":159.48483276367188,"val_loss":33416.84512867647}