{"val_rmse_min_power":283.671822931006,"epoch":149,"val_mae_max_power":246.14398193359375,"val_rmse_max_power":1316.3981160727935,"val_mae_mean_power":1476.988037109375,"lr":1.5625e-05,"val_r2_min_power":0.7373286485671997,"_wandb":{"runtime":835},"best_epoch":148,"val_rmse":3651.846797089353,"best_val_rmse":3455.8089618615136,"val_loss":1.3335985029411765e+07,"val_r2_max_power":0.5508518218994141,"_timestamp":1.7658765798906848e+09,"_runtime":835,"_step":149,"train_loss":4.187217778846154e+06,"train_rmse":2046.269234203103,"best_val_loss":1.1942615580882354e+07,"val_rmse_mean_power":6223.222637830017,"val_mae_min_power":67.81243896484375,"val_r2_mean_power":0.6337207555770874}