{"lr":1.8135722304915605e-05,"train_loss":36211.13427734375,"best_epoch":130,"_runtime":173,"val_loss":32769.49942555147,"val_rmse":181.0234775534695,"_wandb":{"runtime":173},"epoch":149,"val_rmse_mean_power":161.12547881038245,"best_val_loss":32478.445427389706,"best_val_rmse":180.2177722295715,"val_mae_max_power":160.09085083007812,"val_mae_min_power":109.9013442993164,"val_r2_max_power":0.3456071615219116,"val_rmse_max_power":216.23301053204156,"val_r2_min_power":0.31351912021636963,"val_mae_mean_power":117.63066101074219,"train_rmse":190.29223388605155,"val_rmse_min_power":159.9519092766635,"val_r2_mean_power":0.29846906661987305,"_timestamp":1.7677404149442956e+09,"_step":149}