{"val_r2_min_power":0.32943958044052124,"val_rmse_min_power":158.08627860878693,"val_r2_max_power":0.3520946502685547,"_wandb":{"runtime":158},"_timestamp":1.767740069604703e+09,"_runtime":158,"best_epoch":142,"val_r2_mean_power":0.30751460790634155,"_step":149,"val_mae_min_power":109.66951751708984,"val_rmse_mean_power":160.08332791081025,"val_rmse_max_power":215.1584989896983,"val_mae_max_power":156.3126678466797,"best_val_rmse":179.42374536224622,"epoch":149,"best_val_loss":32192.880399816175,"val_mae_mean_power":115.50572204589844,"lr":2.9575305970743676e-05,"val_rmse":179.73989261753152,"train_loss":32854.08798828125,"train_rmse":181.25696673033357,"val_loss":32306.428998161766}