{"val_rmse":448.60552626837915,"r2":-3.1258928775787354,"train_loss":142233.98125,"val_mae_min_power":318.5585632324219,"val_r2_mean_power":-3.9890975952148438,"test/mean_power_r2":-3.9177870750427246,"val_mse_min_power":133791.25,"val_mse_max_power":285267.03125,"test/rmse_mean":446.8434131484598,"_wandb":{"runtime":0},"val_rmse_mean_power":429.6866045445215,"test/max_power_r2":-2.9605727195739746,"train_rmse":377.1392067261106,"val_mse_mean_power":184630.578125,"_runtime":0,"test/mean_power_mse":187743.375,"test/max_power_rmse":538.752059160798,"mae":397.6649475097656,"test/min_power_r2":-2.4991838932037354,"r2_per_output":[-3.9177870750427246,-2.4991838932037354,-2.9605727195739746],"val_r2_max_power":-2.992511510848999,"test/r2_mean":-3.125847895940145,"test/min_power_mae":319.7824401855469,"val_rmse_max_power":534.1039517266279,"val_loss":201246.9181985294,"_step":151,"test/min_power_mse":135780.859375,"_timestamp":1.7660783182317336e+09,"test/min_power_rmse":368.48454428238915,"lr":2.403116585122097e-05,"test/mae_mean":397.6670328776042,"val_mae_mean_power":391.7796325683594,"rmse_per_output":[433.29363600219193,368.48454428238915,538.752059160798],"val_mae_max_power":475.11346435546875,"test/mean_power_rmse":433.29363600219193,"val_rmse_min_power":365.7748624495675,"test/max_power_mae":478.74658203125,"epoch":149,"test/max_power_mse":290253.78125,"mse":204592.046875,"mse_per_output":[187743.375,135780.859375,290253.78125],"mae_per_output":[394.4720764160156,319.7824401855469,478.74658203125],"val_r2_min_power":-2.589858293533325,"test/mean_power_mae":394.4720764160156,"rmse":452.31852369209906}