{"val_mae_min_power":114.77024841308594,"val_r2_min_power":0.29065757989883423,"best_epoch":136,"_step":149,"lr":3.7966711341156375e-06,"train_rmse":184.27896997680452,"val_loss":33732.74609375,"best_val_loss":33333.888671875,"epoch":149,"best_val_rmse":182.5757066859526,"val_rmse_max_power":219.76624655528883,"val_mae_mean_power":118.38365173339844,"val_r2_max_power":0.32404690980911255,"val_mae_max_power":161.44378662109375,"val_r2_mean_power":0.2860668897628784,"val_rmse":183.66476552063546,"train_loss":33958.73877571202,"val_rmse_min_power":162.59350074457157,"_wandb":{"runtime":127},"_runtime":127,"_timestamp":1.7676353106488335e+09,"val_rmse_mean_power":162.5434797600322}