{"val_loss":5.810707220588235e+06,"_wandb":{"runtime":680},"train_rmse":1900.4470644750395,"best_val_rmse":2139.126212742978,"val_mae_max_power":204.50050354003906,"best_val_loss":4.575860954044118e+06,"val_mae_min_power":41.79789352416992,"lr":1.953125e-06,"epoch":149,"_runtime":680,"_step":149,"val_r2_min_power":0.8988723754882812,"_timestamp":1.7658732349531524e+09,"val_mae_mean_power":863.9461669921875,"best_epoch":125,"val_r2_max_power":0.6676952838897705,"val_r2_mean_power":0.8445218801498413,"val_rmse_mean_power":4054.561505267863,"val_rmse_min_power":176.01297226696104,"val_rmse":2410.5408564445106,"train_loss":3.611699044871795e+06,"val_rmse_max_power":1132.2978296367082}