{"val_rmse_min_power":164.0374921416595,"val_rmse":184.93383125846344,"lr":9.491677835289094e-07,"val_loss":34200.521943933825,"best_val_loss":33768.924287683825,"_runtime":126,"_step":149,"val_rmse_max_power":221.48709929982377,"train_rmse":185.70563546887087,"val_r2_max_power":0.3134195804595947,"best_val_rmse":183.76322887804247,"train_loss":34486.583044897154,"val_mae_mean_power":118.32965850830078,"val_r2_mean_power":0.2815208435058594,"val_rmse_mean_power":163.0601643182663,"_wandb":{"runtime":126},"_timestamp":1.7676377635467467e+09,"val_mae_max_power":161.2643585205078,"best_epoch":140,"epoch":149,"val_r2_min_power":0.2780022621154785,"val_mae_min_power":116.63423156738281}