{"train_rmse":1743.2837024729201,"best_epoch":147,"_runtime":533,"val_r2_mean_power":0.6067038774490356,"lr":1.1864597294111367e-07,"_step":149,"_wandb":{"runtime":533},"val_loss":1.4389415051470589e+07,"val_rmse_max_power":1426.6332745313352,"val_mae_max_power":326.5097351074219,"_timestamp":1.766072603427952e+09,"best_val_rmse":3219.3568582687994,"val_r2_max_power":0.4724789261817932,"epoch":149,"train_loss":3.0390380673076925e+06,"val_rmse_min_power":328.7600521276878,"val_mae_mean_power":1777.209228515625,"val_rmse":3793.338246382807,"val_rmse_mean_power":6448.653502863989,"val_mae_min_power":95.1174545288086,"best_val_loss":1.0364258580882354e+07,"val_r2_min_power":0.6471920013427734}