{"best_val_loss":9.520431268382354e+06,"_runtime":621,"val_rmse_max_power":1372.1444439270963,"val_r2_mean_power":0.6491292119026184,"val_r2_max_power":0.5120056867599487,"_step":149,"_wandb":{"runtime":621},"val_mae_min_power":88.83708190917969,"val_rmse_mean_power":6090.918814103501,"epoch":149,"best_val_rmse":3085.5196107596453,"val_r2_min_power":0.6972525119781494,"val_rmse_min_power":304.54402391115804,"best_epoch":75,"train_loss":3.0244963028846155e+06,"_timestamp":1.7660667835922065e+09,"val_mae_mean_power":1696.294677734375,"train_rmse":1739.10790432469,"val_mae_max_power":305.52923583984375,"val_loss":1.284647343382353e+07,"val_rmse":3584.197739219131,"lr":2.9661493235278418e-08}