{"test/node_mae":123.33794403076172,"val_r2_mean_power":0.24474531412124634,"test/cpu_rmse":231.42217408072634,"mse_per_output":[28978.302734375,30333.78125,53556.22265625],"test/max_power_r2":0.2692142724990845,"test/mean_power_mse":28978.302734375,"test/mem_mae":121.19056701660156,"test/cpu_mse":53556.22265625,"test/mean_power_r2":0.24093663692474365,"test/min_power_r2":0.21827363967895508,"test/node_r2":0.24093663692474365,"test/node_rmse":170.2301463735933,"_step":151,"mae":137.95411682128906,"test/cpu_mae":169.33273315429688,"epoch":149,"val_r2_max_power":0.2710114121437073,"test/max_power_mae":169.33273315429688,"test/mean_power_rmse":170.2301463735933,"val_rmse_min_power":170.71436533358872,"val_loss":36410.05020680147,"test/min_power_mse":30333.78125,"r2":0.24279804527759552,"r2_per_output":[0.24093663692474365,0.21827363967895508,0.2692142724990845],"mae_per_output":[123.33794403076172,121.19056701660156,169.33273315429688],"test/max_power_rmse":231.42217408072634,"val_rmse_mean_power":167.1812323591527,"test/node_mse":28978.302734375,"val_mae_min_power":119.16519927978516,"test/r2_mean":0.24280818303426108,"val_rmse":190.814177164071,"test/mem_mse":30333.78125,"lr":1.9631396479473112e-05,"test/min_power_rmse":174.16595892998149,"test/mem_rmse":174.16595892998149,"test/rmse_mean":191.93942646143373,"test/cpu_r2":0.2692142724990845,"test/min_power_mae":121.19056701660156,"train_loss":48533.97416435918,"mse":37622.6640625,"test/mean_power_mae":123.33794403076172,"rmse":193.96562598177027,"rmse_per_output":[170.2301463735933,174.16595892998149,231.42217408072634],"val_mae_mean_power":121.61774444580078,"_wandb":{"runtime":546},"_runtime":546,"val_mae_max_power":167.37686157226562,"test/mem_r2":0.21827363967895508,"_timestamp":1.766076870130489e+09,"train_rmse":220.30427631882043,"test/mae_mean":137.95374806722006,"val_rmse_max_power":228.22493530232404,"val_r2_min_power":0.21803069114685059,"test/max_power_mse":53556.22265625}