{"epoch":149,"mae":251.3033447265625,"test/max_power_mae":318.68109130859375,"test/rmse_mean":318.8268034232612,"rmse_per_output":[299.7774695503316,257.42765974152815,399.2752809779238],"test/node_mse":89866.53125,"test/cpu_mae":318.68109130859375,"test/max_power_r2":-1.1753289699554443,"r2_per_output":[-1.3539817333221436,-0.7078063488006592,-1.1753289699554443],"test/mem_r2":-0.7078063488006592,"test/cpu_rmse":399.2752809779238,"test/cpu_mse":159420.75,"test/r2_mean":-1.0790390173594158,"val_rmse_min_power":254.09357897239354,"test/min_power_rmse":257.42765974152815,"train_loss":85701.98037109376,"_timestamp":1.7660788094588916e+09,"test/mem_mse":66269,"test/mae_mean":251.30380249023438,"test/max_power_rmse":399.2752809779238,"val_mae_min_power":191.5666046142578,"test/mean_power_rmse":299.7774695503316,"test/max_power_mse":159420.75,"val_r2_min_power":-0.7323552370071411,"test/mean_power_r2":-1.3539817333221436,"lr":0.00019224932680976775,"val_r2_max_power":-1.1823234558105469,"mse_per_output":[89866.53125,66269,159420.75],"val_rmse_max_power":394.8773939465261,"val_mae_mean_power":239.55380249023438,"train_rmse":292.74900575594404,"test/mean_power_mae":241.8592529296875,"test/node_mae":241.8592529296875,"test/mean_power_mse":89866.53125,"rmse":324.32226209050157,"_runtime":0,"_step":151,"val_mae_max_power":315.41217041015625,"mse":105184.9296875,"test/min_power_r2":-0.7078063488006592,"_wandb":{"runtime":0},"test/min_power_mae":193.37106323242188,"test/node_r2":-1.3539817333221436,"val_rmse_mean_power":296.24807488825985,"val_loss":102760.67463235294,"val_r2_mean_power":-1.3715345859527588,"test/mem_mae":193.37106323242188,"test/mem_rmse":257.42765974152815,"r2":-1.0790599584579468,"val_rmse":320.563058745628,"test/min_power_mse":66269,"test/cpu_r2":-1.1753289699554443,"mae_per_output":[241.8592529296875,193.37106323242188,318.68109130859375],"test/node_rmse":299.7774695503316}