{"val_r2_min_power":0.3139331340789795,"val_r2_max_power":0.3373565673828125,"val_mae_max_power":158.70997619628906,"_runtime":149,"best_val_rmse":181.54063981998632,"val_rmse_min_power":159.90366973196706,"train_loss":34389.351391601565,"_step":149,"best_val_loss":32957.00390625,"val_mae_min_power":112.05068969726562,"val_rmse":181.54063981998632,"lr":4.060666078343589e-05,"val_r2_mean_power":0.29881036281585693,"best_epoch":149,"train_rmse":185.44366096365107,"val_rmse_mean_power":161.0862722561268,"val_loss":32957.00390625,"_wandb":{"runtime":149},"epoch":149,"_timestamp":1.767740230943342e+09,"val_mae_mean_power":117.13629150390625,"val_rmse_max_power":217.5918627844341}