{"epoch":149,"val_mae_mean_power":119.05559539794922,"val_mae_max_power":167.07777404785156,"best_val_loss":35536.28349034926,"best_val_rmse":188.51069860978518,"val_rmse_mean_power":162.33589670610442,"val_rmse":188.51069860978518,"val_r2_mean_power":0.2878892421722412,"_step":149,"val_rmse_min_power":171.6912142390373,"best_epoch":149,"_wandb":{"runtime":138},"lr":0.00016626652734046688,"val_rmse_max_power":225.22271962992542,"val_mae_min_power":125.65857696533203,"train_rmse":196.91362697469847,"val_r2_min_power":0.20905601978302002,"_runtime":138,"_timestamp":1.767742183185916e+09,"val_r2_max_power":0.29006439447402954,"train_loss":38774.9764883307,"val_loss":35536.28349034926}