{"val_rmse_max_power":230.80110992746546,"val_r2_mean_power":0.23257797956466675,"best_val_loss":36525.630744485294,"train_loss":44598.18061523438,"val_mae_min_power":124.10113525390625,"val_rmse":194.69613626865114,"val_rmse_min_power":179.00255322899727,"val_mae_mean_power":122.48362731933594,"best_val_rmse":191.11679869777353,"val_rmse_mean_power":168.52250869690968,"best_epoch":142,"_runtime":99,"val_mae_max_power":169.8219451904297,"_step":149,"val_loss":37906.585477941175,"val_r2_min_power":0.14025825262069702,"val_r2_max_power":0.25446099042892456,"_wandb":{"runtime":99},"train_rmse":211.18281325722123,"epoch":149,"lr":1.0631945398488088e-06,"_timestamp":1.7677427369123335e+09}