{"_wandb":{"runtime":525},"val_rmse_mean_power":5911.149803549221,"val_mae_max_power":260.46136474609375,"train_loss":3.7510236490384615e+06,"epoch":149,"_timestamp":1.7658779633402236e+09,"best_val_loss":9.08586812867647e+06,"best_val_rmse":3014.277380845444,"_runtime":525,"val_mae_min_power":72.17577362060547,"val_r2_mean_power":0.6695349216461182,"val_r2_min_power":0.7399632930755615,"val_rmse_min_power":282.2455851071899,"val_rmse_max_power":1316.729898270712,"train_rmse":1936.755960114351,"val_rmse":3475.2257089203827,"_step":149,"val_mae_mean_power":1466.2618408203125,"val_loss":1.2077193727941176e+07,"val_r2_max_power":0.5506254434585571,"best_epoch":143,"lr":6.25e-05}