{"val_loss":46751.57444852941,"val_r2_min_power":0.049134790897369385,"val_rmse":216.2211239646335,"_step":9,"val_rmse_min_power":188.2498754979668,"train_rmse":246.30810101776564,"val_r2_max_power":0.023376762866973877,"epoch":9,"lr":0.0025128187493725584,"_timestamp":1.7660763150112338e+09,"_runtime":4,"val_rmse_mean_power":187.06650931219625,"_wandb":{"runtime":4},"val_mae_min_power":144.5369873046875,"val_mae_max_power":200.4569854736328,"val_mae_mean_power":145.59010314941406,"train_loss":60667.680626977846,"val_rmse_max_power":264.1595014143917,"val_r2_mean_power":0.054393470287323}