{"val_rmse_mean_power":165.37600977582872,"train_loss":46463.28901367188,"val_r2_min_power":0.1523728370666504,"_runtime":107,"val_mae_max_power":172.06097412109375,"val_mae_min_power":126.59407043457031,"epoch":149,"val_r2_mean_power":0.2609676718711853,"val_rmse":193.74646166123912,"best_val_rmse":192.73054376512303,"lr":9.988279231584264e-06,"best_val_loss":37145.0625,"best_epoch":146,"train_rmse":215.55344816001409,"_wandb":{"runtime":107},"val_mae_mean_power":120.51180267333984,"_step":149,"val_rmse_max_power":231.66499924459887,"_timestamp":1.7677428542266123e+09,"val_r2_max_power":0.2488694190979004,"val_loss":37537.69140625,"val_rmse_min_power":177.73691825103472}