{"val_mae_min_power":114.87974548339844,"val_r2_min_power":0.3059770464897156,"val_r2_mean_power":0.29784977436065674,"val_mae_max_power":161.48960876464844,"train_rmse":183.79090202194544,"_step":149,"epoch":149,"best_epoch":139,"_wandb":{"runtime":184},"val_rmse":182.16813238923032,"val_r2_max_power":0.33283495903015137,"_timestamp":1.7676333178973377e+09,"val_rmse_max_power":218.33297749652937,"val_loss":33185.22845818015,"_runtime":184,"val_rmse_min_power":160.82817281768453,"best_val_rmse":181.78489941502534,"val_mae_mean_power":118.26417541503906,"val_rmse_mean_power":161.19657545214787,"train_loss":33779.095666040346,"lr":7.593342268231275e-06,"best_val_loss":33045.74965533088}