{"val_rmse_min_power":670.2269438406665,"best_epoch":69,"val_rmse_mean_power":751.3090243035817,"train_rmse":764.3832711122412,"val_mae_max_power":812.5642700195312,"val_r2_min_power":-11.052948951721191,"val_rmse":762.7837345770387,"lr":1.1791230902945633e-08,"epoch":149,"val_rmse_max_power":855.397860647313,"val_mae_min_power":641.8211669921875,"val_r2_max_power":-9.240729331970215,"_timestamp":1.7677422946820483e+09,"_wandb":{"runtime":100},"_runtime":100,"train_loss":584281.78515625,"best_val_loss":581759.2022058824,"val_mae_mean_power":726.2630004882812,"val_loss":581839.0257352941,"val_r2_mean_power":-14.253012657165527,"best_val_rmse":762.7314089546086,"_step":149}