{"_step":149,"lr":5.170448705500484e-07,"val_r2_max_power":0.30031251907348633,"_timestamp":1.767745479147921e+09,"train_loss":35803.198916847396,"epoch":149,"val_rmse_mean_power":165.73066794312692,"best_epoch":130,"best_val_loss":34538.30776079963,"_wandb":{"runtime":472},"val_mae_max_power":162.0355682373047,"val_rmse_min_power":164.15186256748657,"_runtime":472,"train_rmse":189.2173324958562,"val_rmse_max_power":223.59123207876468,"val_loss":34798.856962316175,"val_r2_mean_power":0.25779449939727783,"val_rmse":186.54451737404713,"val_mae_mean_power":119.4769515991211,"val_mae_min_power":113.22698211669922,"best_val_rmse":185.8448486259429,"val_r2_min_power":0.27699512243270874}