{"val_rmse_max_power":218.4843476230048,"val_rmse_mean_power":162.04309563739517,"val_r2_min_power":0.30912715196609497,"val_mae_mean_power":118.7552261352539,"_step":149,"val_loss":33248.98276654412,"val_r2_mean_power":0.29045581817626953,"val_rmse":182.34303596941706,"train_loss":33821.29392089844,"val_mae_min_power":112.41815948486328,"epoch":149,"train_rmse":183.90566582054626,"_timestamp":1.767739899061547e+09,"val_mae_max_power":160.5753936767578,"best_epoch":142,"val_rmse_min_power":160.46277070164905,"_wandb":{"runtime":163},"best_val_rmse":181.3319949548382,"best_val_loss":32881.29239430147,"val_r2_max_power":0.3319095969200134,"_runtime":163,"lr":1.9888876096547903e-06}