{"val_rmse_min_power":159.10019199784142,"_wandb":{"runtime":180},"best_val_loss":32931.88643152574,"val_mae_max_power":159.65045166015625,"val_mae_min_power":112.66557312011719,"best_val_rmse":181.47144797880944,"val_rmse_max_power":218.48972015291704,"train_rmse":181.89345999829217,"epoch":149,"val_rmse_mean_power":161.43161405259195,"val_r2_mean_power":0.29580068588256836,"val_rmse":181.80447405216967,"val_loss":33052.86678538603,"_step":149,"_timestamp":1.7676382300726795e+09,"_runtime":180,"val_r2_min_power":0.3208104968070984,"train_loss":33085.230790150315,"val_r2_max_power":0.3318767547607422,"val_mae_mean_power":117.38176727294922,"lr":1.8983355670578187e-06,"best_epoch":125}