{"_timestamp":1.765884492907928e+09,"best_val_loss":7.988205955882353e+06,"val_loss":8.65392136764706e+06,"train_loss":6.18011254113924e+06,"_step":149,"_wandb":{"runtime":673},"val_mae_mean_power":1186.1689453125,"_runtime":673,"val_r2_min_power":0.9174965620040894,"val_r2_max_power":0.6840816736221313,"lr":4.142679785250362e-06,"val_mae_max_power":190.3551788330078,"train_rmse":2485.983214170852,"best_val_rmse":2826.341443612635,"val_rmse":2941.7548109329337,"best_epoch":117,"val_rmse_mean_power":5002.088763706618,"val_rmse_min_power":158.98123538054736,"val_rmse_max_power":1104.027343411385,"val_mae_min_power":31.0643253326416,"val_r2_mean_power":0.7633620500564575,"epoch":149}