{"epoch":149,"_wandb":{"runtime":521},"val_rmse_min_power":651.58571001826,"best_val_loss":549286.875,"val_rmse":744.2468360303432,"lr":4.092801773398196e-06,"val_mae_min_power":623.1920776367188,"best_epoch":132,"val_r2_mean_power":-13.493528366088867,"train_loss":548698.553125,"_timestamp":1.7677445188731341e+09,"val_r2_min_power":-10.39180850982666,"val_r2_max_power":-8.806146621704102,"val_loss":553903.3529411765,"best_val_rmse":741.1389039849413,"_step":149,"val_mae_mean_power":707.7520751953125,"train_rmse":740.741893728848,"val_rmse_max_power":837.0509617102175,"_runtime":521,"val_mae_max_power":794.65283203125,"val_rmse_mean_power":732.3654739950539}