{"_step":0,"total_batches":34,"_timestamp":1.7676366108826423e+09,"test_rmse":183.8135778740123,"final_test_rmse":183.8135778740123,"_wandb":{"runtime":7},"test_loss":33787.43141084559,"_runtime":7,"final_test_loss":33787.43141084559}