{"_timestamp":1.7676375661105406e+09,"best_val_loss":32386.591796875,"val_rmse":180.31749263528408,"val_rmse_max_power":216.44471905373436,"lr":7.593342268231275e-06,"val_r2_min_power":0.3271477222442627,"_wandb":{"runtime":121},"val_mae_min_power":110.50636291503906,"val_loss":32514.398150275734,"epoch":149,"train_loss":32975.292029272154,"val_rmse_min_power":158.35619832161606,"best_val_rmse":179.9627511372145,"train_rmse":181.59100206032278,"val_mae_mean_power":116.14471435546875,"_runtime":121,"val_r2_mean_power":0.3087751865386963,"val_mae_max_power":158.49459838867188,"_step":149,"val_rmse_mean_power":159.93755495309725,"best_epoch":141,"val_r2_max_power":0.34432506561279297}