{"val_rmse_max_power":217.24430911706295,"val_loss":33398.984260110294,"val_rmse_min_power":162.77371778983547,"train_rmse":188.5025163153706,"val_rmse":182.75388986314434,"val_mae_min_power":110.5628662109375,"best_epoch":147,"val_r2_mean_power":0.28392380475997925,"_runtime":165,"epoch":149,"val_mae_mean_power":118.07910919189453,"train_loss":35533.19865722656,"val_r2_max_power":0.3394717574119568,"_step":149,"lr":3.160664716848815e-05,"_wandb":{"runtime":165},"val_mae_max_power":160.2088165283203,"_timestamp":1.7677395295226603e+09,"val_r2_min_power":0.289084255695343,"val_rmse_mean_power":162.78725812006908,"best_val_loss":32341.554572610294,"best_val_rmse":179.8375783105697}