{"val_loss":38547.204216452206,"best_val_loss":37099.835822610294,"best_val_rmse":192.61317665884204,"epoch":149,"val_rmse_max_power":232.57298081731247,"_wandb":{"runtime":565},"val_rmse":196.3344193371407,"best_epoch":144,"lr":2.740754234180637e-07,"val_mae_min_power":119.31268310546875,"val_r2_min_power":0.169491708278656,"_step":149,"val_r2_max_power":0.24296998977661133,"val_mae_max_power":175.28819274902344,"_runtime":565,"train_rmse":182.24853509753962,"val_rmse_mean_power":174.95297917404835,"_timestamp":1.7677466320663843e+09,"val_r2_mean_power":0.17289412021636963,"train_loss":33214.52854519913,"val_mae_mean_power":130.03793334960938,"val_rmse_min_power":175.9329539821207}