{"test/node_mse":26867.830078125,"_wandb":{"runtime":38},"val_r2_mean_power":0.29645752906799316,"test/mem_mse":26934.986328125,"test/r2_mean":0.3104122479756673,"test/node_rmse":163.9140935921161,"epoch":149,"test/max_power_mse":49163.44921875,"rmse_per_output":[163.9140935921161,164.11881771486475,221.72832299629653],"test/max_power_r2":0.3291546106338501,"test/mae_mean":133.08745320638022,"test/mean_power_mae":119.64418029785156,"train_rmse":184.5691086270262,"val_mae_mean_power":118.17001342773438,"_timestamp":1.766075762605556e+09,"mae_per_output":[119.64418029785156,117.45512390136719,162.16305541992188],"test/min_power_mae":117.45512390136719,"test/min_power_r2":0.3058633804321289,"mse":34321.9453125,"val_r2_min_power":0.3007194995880127,"lr":7.593342268231275e-06,"test/max_power_mae":162.16305541992188,"test/mean_power_mse":26867.830078125,"val_rmse_mean_power":161.35631185361171,"test/mean_power_r2":0.29621875286102295,"test/mem_mae":117.45512390136719,"val_mae_max_power":160.25038146972656,"val_rmse":182.52520317259896,"mse_per_output":[26867.830078125,26934.986328125,49163.44921875],"test/mean_power_rmse":163.9140935921161,"test/node_mae":119.64418029785156,"r2":0.3104032874107361,"test/min_power_mse":26934.986328125,"mae":133.087158203125,"val_loss":33315.44979319853,"test/rmse_mean":183.25374476775914,"test/mem_rmse":164.11881771486475,"train_loss":34065.755859375,"val_rmse_max_power":218.64082096843214,"val_rmse_min_power":161.43619337450323,"test/min_power_rmse":164.11881771486475,"val_mae_min_power":116.01661682128906,"r2_per_output":[0.29621875286102295,0.3058633804321289,0.3291546106338501],"test/cpu_r2":0.3291546106338501,"test/cpu_rmse":221.72832299629653,"test/max_power_rmse":221.72832299629653,"test/cpu_mae":162.16305541992188,"test/mem_r2":0.3058633804321289,"_step":151,"test/node_r2":0.29621875286102295,"test/cpu_mse":49163.44921875,"val_r2_max_power":0.33095234632492065,"_runtime":38,"rmse":185.2618290757705}