{"val_rmse_mean_power":160.61445733883983,"best_epoch":145,"val_rmse_min_power":158.73549392385434,"val_rmse_max_power":216.93888648361317,"val_r2_max_power":0.3413277268409729,"train_rmse":181.90055468687174,"val_mae_max_power":159.45449829101562,"best_val_loss":32654.009823069853,"_timestamp":1.7676384155390463e+09,"_wandb":{"runtime":146},"val_loss":32699.713809742647,"val_r2_mean_power":0.3029118776321411,"val_r2_min_power":0.32392066717147827,"best_val_rmse":180.70420532757353,"val_mae_mean_power":117.78289794921875,"val_rmse":180.83062188065009,"val_mae_min_power":112.61602783203125,"lr":7.593342268231275e-06,"_runtime":146,"train_loss":33087.811795391615,"_step":149,"epoch":149}