{"val_rmse_mean_power":167.31247081620964,"_timestamp":1.7677439911086419e+09,"val_mae_mean_power":122.27114868164062,"val_r2_max_power":0.2681958079338074,"val_r2_min_power":0.2172364592552185,"val_rmse_min_power":170.80103670828524,"train_rmse":196.34723543802735,"lr":1.1571670573035656e-08,"_wandb":{"runtime":608},"_runtime":608,"val_r2_mean_power":0.2435590624809265,"val_loss":36478.79248046875,"best_val_loss":36179.114085477944,"_step":149,"val_rmse":190.99422106563526,"best_epoch":111,"val_mae_min_power":118.77607727050781,"best_val_rmse":190.20808102043915,"val_rmse_max_power":228.6652421526936,"epoch":149,"val_mae_max_power":169.3066864013672,"train_loss":38552.23686415615}