{"val_r2_min_power":0.24003267288208008,"val_rmse_min_power":168.29556287785783,"best_val_rmse":187.95303357722733,"val_r2_max_power":0.27507728338241577,"val_mae_min_power":117.436767578125,"train_loss":34773.61175941443,"best_epoch":137,"_step":149,"val_rmse":190.18605856857937,"best_val_loss":35326.34283088235,"val_mae_max_power":174.87960815429688,"val_mae_mean_power":127.15294647216797,"epoch":149,"train_rmse":186.4768397399914,"lr":6.317141261120397e-07,"val_rmse_mean_power":168.5425345053883,"val_loss":36170.7368738511,"_wandb":{"runtime":319},"val_rmse_max_power":227.58758616189942,"_timestamp":1.7677388997621453e+09,"_runtime":319,"val_r2_mean_power":0.23239558935165405}