{"val_rmse_min_power":160.93848300670663,"val_loss":33194.159294577206,"val_rmse_mean_power":161.18411323506731,"best_val_rmse":181.51383972564884,"_runtime":116,"val_rmse_max_power":218.31309046584906,"_wandb":{"runtime":116},"val_mae_min_power":113.34750366210938,"best_val_loss":32947.27401194853,"val_r2_min_power":0.3050246834754944,"val_r2_mean_power":0.2979583144187927,"val_rmse":182.1926433602005,"train_loss":33786.123046875,"lr":3.7966711341156375e-06,"_step":149,"epoch":149,"val_mae_max_power":159.66622924804688,"best_epoch":138,"val_mae_mean_power":116.94452667236328,"val_r2_max_power":0.33295655250549316,"_timestamp":1.7676369537552097e+09,"train_rmse":183.81001889688983}