{"train_loss":33352.85886817642,"val_rmse_max_power":216.9964897469542,"_step":149,"val_r2_max_power":0.34097790718078613,"val_mae_max_power":158.62347412109375,"_runtime":121,"epoch":149,"_timestamp":1.7676373670713344e+09,"lr":0.0001214934762917004,"val_loss":32742.53354779412,"best_epoch":144,"val_r2_min_power":0.3195505142211914,"val_rmse_mean_power":160.38783561261747,"train_rmse":182.62765088610328,"val_r2_mean_power":0.3048776388168335,"val_rmse_min_power":159.2476942533235,"_wandb":{"runtime":121},"val_rmse":180.94898051051328,"val_mae_mean_power":116.71195983886719,"best_val_loss":32741.086167279413,"best_val_rmse":180.94498105026128,"val_mae_min_power":112.75855255126953}