{"_wandb":{"runtime":216},"val_rmse_max_power":218.40742818755044,"train_loss":32548.08081981804,"val_mae_min_power":111.9073257446289,"val_mae_max_power":160.6691436767578,"lr":5.620231070897851e-07,"best_val_loss":33185.88901654412,"val_r2_min_power":0.29017889499664307,"_runtime":216,"val_rmse":183.4195096211162,"epoch":149,"val_mae_mean_power":118.81583404541016,"val_rmse_mean_power":163.49105838508416,"_step":149,"_timestamp":1.767739129364871e+09,"best_epoch":123,"val_rmse_min_power":162.6483517534838,"best_val_rmse":182.16994542608865,"val_r2_max_power":0.33237993717193604,"val_r2_mean_power":0.2777186632156372,"train_rmse":180.4108666899476,"val_loss":33642.71650965074}