{"val_mae_min_power":113.05134582519531,"best_val_rmse":180.84348158631826,"val_mae_max_power":158.757568359375,"_wandb":{"runtime":170},"val_r2_max_power":0.33538687229156494,"train_loss":33516.063204608385,"val_r2_mean_power":0.30137884616851807,"val_rmse_min_power":159.4312462023207,"_runtime":170,"epoch":149,"best_epoch":147,"val_rmse":181.4831803805229,"val_rmse_mean_power":160.79097698953757,"_step":149,"val_mae_mean_power":116.55072784423828,"best_val_loss":32704.364832261028,"lr":3.03733690729251e-05,"val_r2_min_power":0.3179810643196106,"_timestamp":1.7676343102516828e+09,"val_loss":32936.14476102941,"val_rmse_max_power":217.91503146295346,"train_rmse":183.0739282492414}